n,rank1,rank5,mAP,variant,gallery
31,0.8064516129032258,0.9032258064516129,0.7682194707126778,original,original
31,0.7741935483870968,0.9032258064516129,0.7499799871642792,hue_plus_90,original
31,0.8387096774193549,0.9032258064516129,0.7570213800311939,hue_plus_90,same_transform
31,0.7419354838709677,0.9354838709677419,0.7738648455223776,hue_minus_90,original
31,0.7741935483870968,0.9032258064516129,0.7820351232444518,hue_minus_90,same_transform
31,0.8064516129032258,0.967741935483871,0.7938357261584185,hue_180,original
31,0.8387096774193549,0.9032258064516129,0.7998142095705586,hue_180,same_transform
31,0.8064516129032258,0.9354838709677419,0.7759907872897923,saturation_low,original
31,0.8064516129032258,0.9032258064516129,0.7740548533253464,saturation_low,same_transform
31,0.7419354838709677,0.9354838709677419,0.7661151088301084,grayscale,original
31,0.8064516129032258,0.9354838709677419,0.7648138498739108,grayscale,same_transform
