epoch,loss,id,color,val_score,val_self_cosine,val_inter_cosine
1,4.552289938926696,6.945950317382812,1.079314798116684,0.727392241358757,0.8439099788665771,0.11651773750782013
2,2.399676650762558,3.2781227350234987,0.7606152653694153,0.8428052086383104,0.8641472458839417,0.021342037245631218
3,1.6395374238491058,2.028045731782913,0.625514566898346,0.8823814950883389,0.8727176785469055,-0.009663816541433334
4,1.3458524852991105,1.4822525560855866,0.6047262072563171,0.9138364754617214,0.8690428137779236,-0.044793661683797836
5,1.0799778878688813,1.055094113945961,0.5524308189749718,0.9199556112289429,0.8687512874603271,-0.05120432376861572
6,0.8527902662754059,0.6987456485629082,0.5034174352884293,0.9318013191223145,0.86709064245224,-0.06471067667007446
7,0.8183433562517166,0.6719615593552589,0.4823625788092613,0.93100356310606,0.8681840300559998,-0.06281953305006027
8,0.7357042700052261,0.5168904289603233,0.4772590592503548,0.9307691380381584,0.8655771613121033,-0.06519197672605515
9,0.7363444730639458,0.5494947262108326,0.4615971058607101,0.9326100721955299,0.8638412952423096,-0.06876877695322037
10,0.7113405168056488,0.448156501352787,0.48726227432489394,0.9326406791806221,0.8632307052612305,-0.06940997391939163
